w_intermediate,w_source,w_sink,w_isolated,graph,auc_roc,f1,auc_pr
1.5,0.75,1.0,0.5,DLG1,0.6,0.6667,0.72
1.5,0.75,1.0,0.5,DLG2,0.2041,0.6667,0.4056
1.5,0.75,1.0,0.5,DLG3,0.4215,0.6667,0.4472
1.5,0.75,1.0,0.5,DLG4,0.5833,0.75,0.5653
1.5,0.75,1.0,0.5,DLG5,0.3927,0.6667,0.5267
1.5,0.75,1.0,0.5,DLG6,0.6022,0.6667,0.6243
1.5,0.75,1.0,0.5,DLG7,0.5,0.6667,0.6
1.5,0.75,1.0,0.5,DLG8,0.3265,0.6667,0.4356
1.5,0.75,1.0,0.5,DLG9,0.4097,0.6667,0.4989
1.5,0.75,1.0,0.5,DLG10,0.5688,0.6515,0.5565
1.5,0.75,1.0,0.5,DLG11,0.3247,0.6667,0.424
1.5,0.75,1.0,0.5,DLG12,0.6154,0.6752,0.5815
1.5,0.75,1.0,0.5,DLG13,0.3922,0.6667,0.486
1.5,0.75,1.0,0.5,DLG14,0.48,0.5714,0.62
1.5,0.75,1.0,0.5,DLG15,0.5859,0.5455,0.6715
1.5,0.75,1.0,0.5,DLG16,0.5785,0.6667,0.6168
1.5,0.75,1.0,0.5,DLG17,0.6562,0.2222,0.7383
1.5,0.75,1.0,0.5,DLG18,0.5885,0.6667,0.5967
1.5,1.0,1.0,0.5,DLG1,0.6,0.6667,0.72
1.5,1.0,1.0,0.5,DLG2,0.2143,0.6667,0.4214
1.5,1.0,1.0,0.5,DLG3,0.4298,0.6667,0.4516
1.5,1.0,1.0,0.5,DLG4,0.5833,0.75,0.5653
1.5,1.0,1.0,0.5,DLG5,0.3943,0.6667,0.537
1.5,1.0,1.0,0.5,DLG6,0.6034,0.6667,0.633
1.5,1.0,1.0,0.5,DLG7,0.4938,0.6667,0.5964
1.5,1.0,1.0,0.5,DLG8,0.2959,0.6667,0.419
1.5,1.0,1.0,0.5,DLG9,0.4028,0.6667,0.4847
1.5,1.0,1.0,0.5,DLG10,0.5696,0.627,0.5624
1.5,1.0,1.0,0.5,DLG11,0.3429,0.6667,0.4502
1.5,1.0,1.0,0.5,DLG12,0.6234,0.6667,0.5985
1.5,1.0,1.0,0.5,DLG13,0.4095,0.6667,0.5017
1.5,1.0,1.0,0.5,DLG14,0.48,0.5714,0.62
1.5,1.0,1.0,0.5,DLG15,0.5703,0.5455,0.609
1.5,1.0,1.0,0.5,DLG16,0.5869,0.6667,0.6307
1.5,1.0,1.0,0.5,DLG17,0.6094,0.2222,0.6586
1.5,1.0,1.0,0.5,DLG18,0.5938,0.6667,0.6094
1.5,1.25,1.0,0.5,DLG1,0.56,0.6667,0.6533
1.5,1.25,1.0,0.5,DLG2,0.2041,0.6667,0.416
1.5,1.25,1.0,0.5,DLG3,0.4793,0.6667,0.5136
1.5,1.25,1.0,0.5,DLG4,0.5833,0.75,0.5708
1.5,1.25,1.0,0.5,DLG5,0.4098,0.6667,0.5438
1.5,1.25,1.0,0.5,DLG6,0.603,0.6667,0.6367
1.5,1.25,1.0,0.5,DLG7,0.4753,0.6667,0.5816
1.5,1.25,1.0,0.5,DLG8,0.2551,0.6667,0.4018
1.5,1.25,1.0,0.5,DLG9,0.3958,0.6667,0.4708
1.5,1.25,1.0,0.5,DLG10,0.5722,0.6173,0.5673
1.5,1.25,1.0,0.5,DLG11,0.3516,0.6667,0.461
1.5,1.25,1.0,0.5,DLG12,0.6227,0.6667,0.6114
1.5,1.25,1.0,0.5,DLG13,0.4253,0.6667,0.5128
1.5,1.25,1.0,0.5,DLG14,0.4,0.5714,0.4867
1.5,1.25,1.0,0.5,DLG15,0.5547,0.5455,0.5924
1.5,1.25,1.0,0.5,DLG16,0.5926,0.6667,0.6435
1.5,1.25,1.0,0.5,DLG17,0.6016,0.2222,0.6451
1.5,1.25,1.0,0.5,DLG18,0.5962,0.6667,0.6189
1.5,1.5,1.0,0.5,DLG1,0.56,0.6667,0.6533
1.5,1.5,1.0,0.5,DLG2,0.1633,0.6667,0.4024
1.5,1.5,1.0,0.5,DLG3,0.5372,0.6667,0.6556
1.5,1.5,1.0,0.5,DLG4,0.5972,0.7059,0.5877
1.5,1.5,1.0,0.5,DLG5,0.4339,0.6667,0.5543
1.5,1.5,1.0,0.5,DLG6,0.6012,0.6667,0.639
1.5,1.5,1.0,0.5,DLG7,0.463,0.6667,0.5649
1.5,1.5,1.0,0.5,DLG8,0.2449,0.5556,0.4018
1.5,1.5,1.0,0.5,DLG9,0.3819,0.6667,0.4659
1.5,1.5,1.0,0.5,DLG10,0.5684,0.6083,0.5638
1.5,1.5,1.0,0.5,DLG11,0.3472,0.6667,0.4599
1.5,1.5,1.0,0.5,DLG12,0.6195,0.6667,0.6174
1.5,1.5,1.0,0.5,DLG13,0.4475,0.6667,0.5319
1.5,1.5,1.0,0.5,DLG14,0.4,0.5714,0.4867
1.5,1.5,1.0,0.5,DLG15,0.5234,0.5455,0.5736
1.5,1.5,1.0,0.5,DLG16,0.5961,0.6667,0.6497
1.5,1.5,1.0,0.5,DLG17,0.5938,0.2222,0.6451
1.5,1.5,1.0,0.5,DLG18,0.5965,0.6667,0.6239
1.5,2.0,1.0,0.5,DLG1,0.56,0.6667,0.6533
1.5,2.0,1.0,0.5,DLG2,0.2041,0.6667,0.4214
1.5,2.0,1.0,0.5,DLG3,0.5455,0.6667,0.6738
1.5,2.0,1.0,0.5,DLG4,0.6389,0.7059,0.6433
1.5,2.0,1.0,0.5,DLG5,0.4506,0.6667,0.5746
1.5,2.0,1.0,0.5,DLG6,0.596,0.6667,0.6398
1.5,2.0,1.0,0.5,DLG7,0.463,0.6667,0.5649
1.5,2.0,1.0,0.5,DLG8,0.2245,0.4706,0.401
1.5,2.0,1.0,0.5,DLG9,0.3958,0.6667,0.4714
1.5,2.0,1.0,0.5,DLG10,0.5671,0.5963,0.5676
1.5,2.0,1.0,0.5,DLG11,0.3672,0.6667,0.4762
1.5,2.0,1.0,0.5,DLG12,0.6077,0.6667,0.6289
1.5,2.0,1.0,0.5,DLG13,0.4714,0.6667,0.5562
1.5,2.0,1.0,0.5,DLG14,0.4,0.5714,0.4867
1.5,2.0,1.0,0.5,DLG15,0.5234,0.5455,0.5736
1.5,2.0,1.0,0.5,DLG16,0.6008,0.6667,0.661
1.5,2.0,1.0,0.5,DLG17,0.5312,0.2,0.5883
1.5,2.0,1.0,0.5,DLG18,0.5959,0.6667,0.6314
2.0,0.75,1.0,0.5,DLG1,0.6,0.6667,0.72
2.0,0.75,1.0,0.5,DLG2,0.2041,0.6667,0.4056
2.0,0.75,1.0,0.5,DLG3,0.4132,0.6667,0.4411
2.0,0.75,1.0,0.5,DLG4,0.6111,0.8,0.5764
2.0,0.75,1.0,0.5,DLG5,0.3804,0.6667,0.5145
2.0,0.75,1.0,0.5,DLG6,0.5917,0.6667,0.6107
2.0,0.75,1.0,0.5,DLG7,0.5,0.6667,0.6
2.0,0.75,1.0,0.5,DLG8,0.3265,0.6667,0.4356
2.0,0.75,1.0,0.5,DLG9,0.4167,0.6667,0.4977
2.0,0.75,1.0,0.5,DLG10,0.5583,0.6154,0.5517
2.0,0.75,1.0,0.5,DLG11,0.3212,0.6667,0.4139
2.0,0.75,1.0,0.5,DLG12,0.6061,0.6753,0.5732
2.0,0.75,1.0,0.5,DLG13,0.3861,0.6667,0.4779
2.0,0.75,1.0,0.5,DLG14,0.48,0.5714,0.62
2.0,0.75,1.0,0.5,DLG15,0.6016,0.5455,0.7132
2.0,0.75,1.0,0.5,DLG16,0.5668,0.6667,0.606
2.0,0.75,1.0,0.5,DLG17,0.7031,0.2222,0.7919
2.0,0.75,1.0,0.5,DLG18,0.5749,0.6667,0.5765
2.0,1.0,1.0,0.5,DLG1,0.6,0.6667,0.72
2.0,1.0,1.0,0.5,DLG2,0.2143,0.6667,0.4214
2.0,1.0,1.0,0.5,DLG3,0.4215,0.6667,0.4468
2.0,1.0,1.0,0.5,DLG4,0.5833,0.75,0.5653
2.0,1.0,1.0,0.5,DLG5,0.3812,0.6667,0.5215
2.0,1.0,1.0,0.5,DLG6,0.593,0.6667,0.6165
2.0,1.0,1.0,0.5,DLG7,0.4938,0.6667,0.5964
2.0,1.0,1.0,0.5,DLG8,0.3163,0.6667,0.4292
2.0,1.0,1.0,0.5,DLG9,0.4097,0.6667,0.4956
2.0,1.0,1.0,0.5,DLG10,0.5592,0.6048,0.5549
2.0,1.0,1.0,0.5,DLG11,0.3429,0.6667,0.447
2.0,1.0,1.0,0.5,DLG12,0.6107,0.6667,0.5846
2.0,1.0,1.0,0.5,DLG13,0.4041,0.6667,0.4968
2.0,1.0,1.0,0.5,DLG14,0.4,0.5714,0.4867
2.0,1.0,1.0,0.5,DLG15,0.5703,0.5455,0.609
2.0,1.0,1.0,0.5,DLG16,0.5739,0.6667,0.6207
2.0,1.0,1.0,0.5,DLG17,0.6562,0.2222,0.7288
2.0,1.0,1.0,0.5,DLG18,0.581,0.6667,0.5881
2.0,1.25,1.0,0.5,DLG1,0.56,0.6667,0.6533
2.0,1.25,1.0,0.5,DLG2,0.2041,0.6667,0.4105
2.0,1.25,1.0,0.5,DLG3,0.4545,0.6667,0.4829
2.0,1.25,1.0,0.5,DLG4,0.5833,0.75,0.5708
2.0,1.25,1.0,0.5,DLG5,0.3816,0.6667,0.5209
2.0,1.25,1.0,0.5,DLG6,0.5932,0.6667,0.6222
2.0,1.25,1.0,0.5,DLG7,0.4753,0.6667,0.5816
2.0,1.25,1.0,0.5,DLG8,0.2857,0.6667,0.419
2.0,1.25,1.0,0.5,DLG9,0.3958,0.6667,0.4683
2.0,1.25,1.0,0.5,DLG10,0.559,0.6135,0.5592
2.0,1.25,1.0,0.5,DLG11,0.3455,0.6667,0.4445
2.0,1.25,1.0,0.5,DLG12,0.6114,0.6667,0.5974
2.0,1.25,1.0,0.5,DLG13,0.4208,0.6667,0.5105
2.0,1.25,1.0,0.5,DLG14,0.4,0.5714,0.4867
2.0,1.25,1.0,0.5,DLG15,0.5547,0.5455,0.5924
2.0,1.25,1.0,0.5,DLG16,0.5816,0.6667,0.6347
2.0,1.25,1.0,0.5,DLG17,0.6484,0.2222,0.6826
2.0,1.25,1.0,0.5,DLG18,0.5841,0.6667,0.5969
2.0,1.5,1.0,0.5,DLG1,0.56,0.6667,0.6533
2.0,1.5,1.0,0.5,DLG2,0.1837,0.6667,0.4083
2.0,1.5,1.0,0.5,DLG3,0.5041,0.6667,0.5818
2.0,1.5,1.0,0.5,DLG4,0.6111,0.75,0.5968
2.0,1.5,1.0,0.5,DLG5,0.4122,0.6667,0.5385
2.0,1.5,1.0,0.5,DLG6,0.5912,0.6667,0.6241
2.0,1.5,1.0,0.5,DLG7,0.463,0.6667,0.5649
2.0,1.5,1.0,0.5,DLG8,0.2857,0.5556,0.419
2.0,1.5,1.0,0.5,DLG9,0.3889,0.6667,0.4659
2.0,1.5,1.0,0.5,DLG10,0.5581,0.6142,0.5597
2.0,1.5,1.0,0.5,DLG11,0.349,0.6667,0.449
2.0,1.5,1.0,0.5,DLG12,0.6123,0.6667,0.6075
2.0,1.5,1.0,0.5,DLG13,0.4329,0.6667,0.5218
2.0,1.5,1.0,0.5,DLG14,0.4,0.5714,0.4867
2.0,1.5,1.0,0.5,DLG15,0.5391,0.5455,0.5805
2.0,1.5,1.0,0.5,DLG16,0.5859,0.6667,0.6425
2.0,1.5,1.0,0.5,DLG17,0.625,0.2222,0.6659
2.0,1.5,1.0,0.5,DLG18,0.5853,0.6667,0.6024
2.0,2.0,1.0,0.5,DLG1,0.56,0.6667,0.6533
2.0,2.0,1.0,0.5,DLG2,0.2041,0.6667,0.4214
2.0,2.0,1.0,0.5,DLG3,0.5455,0.6667,0.6738
2.0,2.0,1.0,0.5,DLG4,0.5972,0.7059,0.5877
2.0,2.0,1.0,0.5,DLG5,0.4273,0.6667,0.5555
2.0,2.0,1.0,0.5,DLG6,0.5875,0.6667,0.6261
2.0,2.0,1.0,0.5,DLG7,0.463,0.6667,0.5649
2.0,2.0,1.0,0.5,DLG8,0.2449,0.4706,0.4018
2.0,2.0,1.0,0.5,DLG9,0.3889,0.6667,0.4668
2.0,2.0,1.0,0.5,DLG10,0.5572,0.6033,0.5629
2.0,2.0,1.0,0.5,DLG11,0.3663,0.6667,0.4652
2.0,2.0,1.0,0.5,DLG12,0.6068,0.6667,0.6124
2.0,2.0,1.0,0.5,DLG13,0.4544,0.6667,0.5383
2.0,2.0,1.0,0.5,DLG14,0.4,0.5714,0.4867
2.0,2.0,1.0,0.5,DLG15,0.5234,0.5455,0.5736
2.0,2.0,1.0,0.5,DLG16,0.5914,0.6667,0.6504
2.0,2.0,1.0,0.5,DLG17,0.5781,0.2222,0.6161
2.0,2.0,1.0,0.5,DLG18,0.5864,0.6667,0.6113
3.0,0.75,1.0,0.5,DLG1,0.56,0.6667,0.7
3.0,0.75,1.0,0.5,DLG2,0.2041,0.6667,0.4056
3.0,0.75,1.0,0.5,DLG3,0.405,0.6667,0.4368
3.0,0.75,1.0,0.5,DLG4,0.6111,0.8,0.5764
3.0,0.75,1.0,0.5,DLG5,0.3661,0.6667,0.5025
3.0,0.75,1.0,0.5,DLG6,0.5778,0.6667,0.5946
3.0,0.75,1.0,0.5,DLG7,0.5,0.6667,0.6
3.0,0.75,1.0,0.5,DLG8,0.3265,0.6667,0.4356
3.0,0.75,1.0,0.5,DLG9,0.4236,0.6667,0.5394
3.0,0.75,1.0,0.5,DLG10,0.544,0.6515,0.5424
3.0,0.75,1.0,0.5,DLG11,0.3411,0.6667,0.4321
3.0,0.75,1.0,0.5,DLG12,0.5951,0.6753,0.5639
3.0,0.75,1.0,0.5,DLG13,0.383,0.6667,0.4734
3.0,0.75,1.0,0.5,DLG14,0.4,0.5714,0.4867
3.0,0.75,1.0,0.5,DLG15,0.6172,0.5455,0.7219
3.0,0.75,1.0,0.5,DLG16,0.5544,0.6667,0.597
3.0,0.75,1.0,0.5,DLG17,0.7031,0.6667,0.7919
3.0,0.75,1.0,0.5,DLG18,0.5566,0.6667,0.5538
3.0,1.0,1.0,0.5,DLG1,0.56,0.6667,0.7
3.0,1.0,1.0,0.5,DLG2,0.2143,0.6667,0.4214
3.0,1.0,1.0,0.5,DLG3,0.405,0.6667,0.4364
3.0,1.0,1.0,0.5,DLG4,0.6111,0.75,0.5833
3.0,1.0,1.0,0.5,DLG5,0.3649,0.6667,0.5006
3.0,1.0,1.0,0.5,DLG6,0.5782,0.6667,0.5995
3.0,1.0,1.0,0.5,DLG7,0.4938,0.6667,0.5964
3.0,1.0,1.0,0.5,DLG8,0.3163,0.6667,0.4292
3.0,1.0,1.0,0.5,DLG9,0.4236,0.6667,0.5398
3.0,1.0,1.0,0.5,DLG10,0.5462,0.6048,0.5468
3.0,1.0,1.0,0.5,DLG11,0.3637,0.6667,0.4909
3.0,1.0,1.0,0.5,DLG12,0.5969,0.6667,0.5712
3.0,1.0,1.0,0.5,DLG13,0.4005,0.6667,0.4911
3.0,1.0,1.0,0.5,DLG14,0.4,0.5714,0.4867
3.0,1.0,1.0,0.5,DLG15,0.6016,0.5455,0.6802
3.0,1.0,1.0,0.5,DLG16,0.5602,0.6667,0.609
3.0,1.0,1.0,0.5,DLG17,0.6719,0.2222,0.76
3.0,1.0,1.0,0.5,DLG18,0.5618,0.6667,0.5632
3.0,1.25,1.0,0.5,DLG1,0.52,0.6667,0.6333
3.0,1.25,1.0,0.5,DLG2,0.2041,0.6667,0.4105
3.0,1.25,1.0,0.5,DLG3,0.4215,0.6667,0.4604
3.0,1.25,1.0,0.5,DLG4,0.6111,0.75,0.5764
3.0,1.25,1.0,0.5,DLG5,0.3694,0.6667,0.5091
3.0,1.25,1.0,0.5,DLG6,0.5781,0.6667,0.6021
3.0,1.25,1.0,0.5,DLG7,0.4753,0.6667,0.5816
3.0,1.25,1.0,0.5,DLG8,0.3061,0.6667,0.4292
3.0,1.25,1.0,0.5,DLG9,0.4097,0.6667,0.5235
3.0,1.25,1.0,0.5,DLG10,0.5446,0.6129,0.5493
3.0,1.25,1.0,0.5,DLG11,0.3559,0.6667,0.4819
3.0,1.25,1.0,0.5,DLG12,0.5955,0.6667,0.5769
3.0,1.25,1.0,0.5,DLG13,0.4145,0.6667,0.5027
3.0,1.25,1.0,0.5,DLG14,0.4,0.5714,0.4867
3.0,1.25,1.0,0.5,DLG15,0.5859,0.5455,0.6635
3.0,1.25,1.0,0.5,DLG16,0.5645,0.6667,0.6203
3.0,1.25,1.0,0.5,DLG17,0.6641,0.2222,0.7243
3.0,1.25,1.0,0.5,DLG18,0.5651,0.6667,0.5699
3.0,1.5,1.0,0.5,DLG1,0.52,0.6667,0.6333
3.0,1.5,1.0,0.5,DLG2,0.2041,0.6667,0.4105
3.0,1.5,1.0,0.5,DLG3,0.4628,0.6667,0.5283
3.0,1.5,1.0,0.5,DLG4,0.6111,0.75,0.5857
3.0,1.5,1.0,0.5,DLG5,0.3706,0.6667,0.5081
3.0,1.5,1.0,0.5,DLG6,0.5773,0.6667,0.6045
3.0,1.5,1.0,0.5,DLG7,0.463,0.6667,0.5649
3.0,1.5,1.0,0.5,DLG8,0.3061,0.5556,0.4292
3.0,1.5,1.0,0.5,DLG9,0.3958,0.6667,0.5187
3.0,1.5,1.0,0.5,DLG10,0.5414,0.6142,0.5491
3.0,1.5,1.0,0.5,DLG11,0.3524,0.6667,0.4805
3.0,1.5,1.0,0.5,DLG12,0.5977,0.6667,0.5838
3.0,1.5,1.0,0.5,DLG13,0.4218,0.6667,0.5174
3.0,1.5,1.0,0.5,DLG14,0.4,0.5714,0.4867
3.0,1.5,1.0,0.5,DLG15,0.5547,0.5455,0.5891
3.0,1.5,1.0,0.5,DLG16,0.5699,0.6667,0.6284
3.0,1.5,1.0,0.5,DLG17,0.6406,0.2222,0.6826
3.0,1.5,1.0,0.5,DLG18,0.567,0.6667,0.575
3.0,2.0,1.0,0.5,DLG1,0.52,0.6667,0.6333
3.0,2.0,1.0,0.5,DLG2,0.2245,0.6667,0.4274
3.0,2.0,1.0,0.5,DLG3,0.4876,0.6667,0.5656
3.0,2.0,1.0,0.5,DLG4,0.6111,0.75,0.5968
3.0,2.0,1.0,0.5,DLG5,0.3992,0.6667,0.5363
3.0,2.0,1.0,0.5,DLG6,0.5751,0.6667,0.6092
3.0,2.0,1.0,0.5,DLG7,0.463,0.6667,0.5649
3.0,2.0,1.0,0.5,DLG8,0.2857,0.4706,0.419
3.0,2.0,1.0,0.5,DLG9,0.4028,0.6667,0.4831
3.0,2.0,1.0,0.5,DLG10,0.5403,0.6047,0.5531
3.0,2.0,1.0,0.5,DLG11,0.3707,0.6667,0.4928
3.0,2.0,1.0,0.5,DLG12,0.5956,0.6667,0.5916
3.0,2.0,1.0,0.5,DLG13,0.4376,0.6667,0.5293
3.0,2.0,1.0,0.5,DLG14,0.4,0.5714,0.4867
3.0,2.0,1.0,0.5,DLG15,0.5547,0.5455,0.5891
3.0,2.0,1.0,0.5,DLG16,0.5779,0.6667,0.6393
3.0,2.0,1.0,0.5,DLG17,0.5938,0.2222,0.6369
3.0,2.0,1.0,0.5,DLG18,0.5694,0.6667,0.5837
5.0,0.75,1.0,0.5,DLG1,0.56,0.6667,0.7
5.0,0.75,1.0,0.5,DLG2,0.2245,0.6667,0.4127
5.0,0.75,1.0,0.5,DLG3,0.405,0.6667,0.4368
5.0,0.75,1.0,0.5,DLG4,0.6389,0.8,0.5881
5.0,0.75,1.0,0.5,DLG5,0.3592,0.6667,0.4971
5.0,0.75,1.0,0.5,DLG6,0.5613,0.6667,0.5774
5.0,0.75,1.0,0.5,DLG7,0.4753,0.6667,0.5686
5.0,0.75,1.0,0.5,DLG8,0.3265,0.6667,0.4356
5.0,0.75,1.0,0.5,DLG9,0.4063,0.6667,0.5341
5.0,0.75,1.0,0.5,DLG10,0.5327,0.6515,0.5366
5.0,0.75,1.0,0.5,DLG11,0.3446,0.6667,0.4329
5.0,0.75,1.0,0.5,DLG12,0.5682,0.6753,0.5393
5.0,0.75,1.0,0.5,DLG13,0.3854,0.6667,0.4749
5.0,0.75,1.0,0.5,DLG14,0.4,0.5714,0.4867
5.0,0.75,1.0,0.5,DLG15,0.6016,0.5455,0.7151
5.0,0.75,1.0,0.5,DLG16,0.5402,0.6667,0.5841
5.0,0.75,1.0,0.5,DLG17,0.7031,0.6667,0.7919
5.0,0.75,1.0,0.5,DLG18,0.5361,0.6667,0.5325
5.0,1.0,1.0,0.5,DLG1,0.56,0.6667,0.7
5.0,1.0,1.0,0.5,DLG2,0.2347,0.6667,0.4286
5.0,1.0,1.0,0.5,DLG3,0.405,0.6667,0.4364
5.0,1.0,1.0,0.5,DLG4,0.6389,0.75,0.5913
5.0,1.0,1.0,0.5,DLG5,0.3584,0.6667,0.4947
5.0,1.0,1.0,0.5,DLG6,0.561,0.6667,0.5801
5.0,1.0,1.0,0.5,DLG7,0.4691,0.6667,0.5649
5.0,1.0,1.0,0.5,DLG8,0.3163,0.6667,0.4292
5.0,1.0,1.0,0.5,DLG9,0.4063,0.6667,0.5345
5.0,1.0,1.0,0.5,DLG10,0.5309,0.636,0.5374
5.0,1.0,1.0,0.5,DLG11,0.3672,0.6667,0.4921
5.0,1.0,1.0,0.5,DLG12,0.5733,0.6667,0.5474
5.0,1.0,1.0,0.5,DLG13,0.4029,0.6667,0.4896
5.0,1.0,1.0,0.5,DLG14,0.4,0.5714,0.4867
5.0,1.0,1.0,0.5,DLG15,0.5859,0.5455,0.6734
5.0,1.0,1.0,0.5,DLG16,0.5459,0.6667,0.5928
5.0,1.0,1.0,0.5,DLG17,0.6719,0.6667,0.76
5.0,1.0,1.0,0.5,DLG18,0.5396,0.6667,0.539
5.0,1.25,1.0,0.5,DLG1,0.52,0.6667,0.6333
5.0,1.25,1.0,0.5,DLG2,0.2245,0.6667,0.4177
5.0,1.25,1.0,0.5,DLG3,0.4132,0.6667,0.4561
5.0,1.25,1.0,0.5,DLG4,0.6389,0.75,0.5913
5.0,1.25,1.0,0.5,DLG5,0.3588,0.6667,0.4933
5.0,1.25,1.0,0.5,DLG6,0.5614,0.6667,0.583
5.0,1.25,1.0,0.5,DLG7,0.4506,0.6667,0.5543
5.0,1.25,1.0,0.5,DLG8,0.3061,0.6667,0.4292
5.0,1.25,1.0,0.5,DLG9,0.3993,0.6667,0.5206
5.0,1.25,1.0,0.5,DLG10,0.5295,0.6135,0.5385
5.0,1.25,1.0,0.5,DLG11,0.3681,0.6667,0.4901
5.0,1.25,1.0,0.5,DLG12,0.5719,0.6667,0.5522
5.0,1.25,1.0,0.5,DLG13,0.4168,0.6667,0.5014
5.0,1.25,1.0,0.5,DLG14,0.4,0.5714,0.4867
5.0,1.25,1.0,0.5,DLG15,0.5703,0.5455,0.6567
5.0,1.25,1.0,0.5,DLG16,0.5506,0.6667,0.6011
5.0,1.25,1.0,0.5,DLG17,0.6797,0.2222,0.7555
5.0,1.25,1.0,0.5,DLG18,0.5425,0.6667,0.5444
5.0,1.5,1.0,0.5,DLG1,0.52,0.6667,0.6333
5.0,1.5,1.0,0.5,DLG2,0.2245,0.6667,0.4177
5.0,1.5,1.0,0.5,DLG3,0.4215,0.6667,0.5015
5.0,1.5,1.0,0.5,DLG4,0.6667,0.75,0.6052
5.0,1.5,1.0,0.5,DLG5,0.3592,0.6667,0.4919
5.0,1.5,1.0,0.5,DLG6,0.5609,0.6667,0.5845
5.0,1.5,1.0,0.5,DLG7,0.4383,0.6667,0.5432
5.0,1.5,1.0,0.5,DLG8,0.3061,0.5556,0.4292
5.0,1.5,1.0,0.5,DLG9,0.3924,0.6667,0.5184
5.0,1.5,1.0,0.5,DLG10,0.5255,0.6142,0.5382
5.0,1.5,1.0,0.5,DLG11,0.3646,0.6667,0.4879
5.0,1.5,1.0,0.5,DLG12,0.5726,0.6667,0.5565
5.0,1.5,1.0,0.5,DLG13,0.4232,0.6667,0.511
5.0,1.5,1.0,0.5,DLG14,0.4,0.5714,0.4867
5.0,1.5,1.0,0.5,DLG15,0.5547,0.5455,0.6448
5.0,1.5,1.0,0.5,DLG16,0.5539,0.6667,0.6079
5.0,1.5,1.0,0.5,DLG17,0.6562,0.2222,0.7243
5.0,1.5,1.0,0.5,DLG18,0.5448,0.6667,0.5495
5.0,2.0,1.0,0.5,DLG1,0.52,0.6667,0.6333
5.0,2.0,1.0,0.5,DLG2,0.2653,0.6667,0.4381
5.0,2.0,1.0,0.5,DLG3,0.4545,0.6667,0.5283
5.0,2.0,1.0,0.5,DLG4,0.6667,0.75,0.6107
5.0,2.0,1.0,0.5,DLG5,0.3624,0.6667,0.499
5.0,2.0,1.0,0.5,DLG6,0.5599,0.6667,0.5873
5.0,2.0,1.0,0.5,DLG7,0.4383,0.6667,0.5432
5.0,2.0,1.0,0.5,DLG8,0.3061,0.4706,0.4292
5.0,2.0,1.0,0.5,DLG9,0.4062,0.6667,0.5234
5.0,2.0,1.0,0.5,DLG10,0.523,0.6047,0.5404
5.0,2.0,1.0,0.5,DLG11,0.3707,0.6667,0.4937
5.0,2.0,1.0,0.5,DLG12,0.5689,0.6667,0.561
5.0,2.0,1.0,0.5,DLG13,0.4263,0.6667,0.5192
5.0,2.0,1.0,0.5,DLG14,0.4,0.5714,0.4867
5.0,2.0,1.0,0.5,DLG15,0.5547,0.5455,0.6448
5.0,2.0,1.0,0.5,DLG16,0.5612,0.6667,0.6204
5.0,2.0,1.0,0.5,DLG17,0.6094,0.2222,0.6557
5.0,2.0,1.0,0.5,DLG18,0.5477,0.6667,0.5563
8.0,0.75,1.0,0.5,DLG1,0.56,0.6667,0.7
8.0,0.75,1.0,0.5,DLG2,0.2245,0.6667,0.4127
8.0,0.75,1.0,0.5,DLG3,0.405,0.6667,0.4368
8.0,0.75,1.0,0.5,DLG4,0.6389,0.8,0.5881
8.0,0.75,1.0,0.5,DLG5,0.3576,0.6667,0.494
8.0,0.75,1.0,0.5,DLG6,0.5501,0.6667,0.566
8.0,0.75,1.0,0.5,DLG7,0.4259,0.6667,0.5203
8.0,0.75,1.0,0.5,DLG8,0.3265,0.6667,0.4356
8.0,0.75,1.0,0.5,DLG9,0.4028,0.6667,0.5341
8.0,0.75,1.0,0.5,DLG10,0.5271,0.6515,0.5344
8.0,0.75,1.0,0.5,DLG11,0.3481,0.6667,0.435
8.0,0.75,1.0,0.5,DLG12,0.5515,0.6753,0.5273
8.0,0.75,1.0,0.5,DLG13,0.3854,0.6667,0.4749
8.0,0.75,1.0,0.5,DLG14,0.4,0.5714,0.4867
8.0,0.75,1.0,0.5,DLG15,0.5859,0.5455,0.7094
8.0,0.75,1.0,0.5,DLG16,0.5311,0.6667,0.575
8.0,0.75,1.0,0.5,DLG17,0.7031,0.6667,0.7919
8.0,0.75,1.0,0.5,DLG18,0.5227,0.6667,0.5203
8.0,1.0,1.0,0.5,DLG1,0.56,0.6667,0.7
8.0,1.0,1.0,0.5,DLG2,0.2347,0.6667,0.4286
8.0,1.0,1.0,0.5,DLG3,0.405,0.6667,0.4364
8.0,1.0,1.0,0.5,DLG4,0.6389,0.7692,0.5913
8.0,1.0,1.0,0.5,DLG5,0.3551,0.6667,0.491
8.0,1.0,1.0,0.5,DLG6,0.5506,0.6667,0.5693
8.0,1.0,1.0,0.5,DLG7,0.4198,0.6667,0.5166
8.0,1.0,1.0,0.5,DLG8,0.3163,0.6667,0.4292
8.0,1.0,1.0,0.5,DLG9,0.4028,0.6667,0.5345
8.0,1.0,1.0,0.5,DLG10,0.5248,0.636,0.5353
8.0,1.0,1.0,0.5,DLG11,0.3689,0.6667,0.4931
8.0,1.0,1.0,0.5,DLG12,0.5593,0.6667,0.5344
8.0,1.0,1.0,0.5,DLG13,0.4029,0.6667,0.4896
8.0,1.0,1.0,0.5,DLG14,0.4,0.5714,0.4867
8.0,1.0,1.0,0.5,DLG15,0.5703,0.5455,0.6677
8.0,1.0,1.0,0.5,DLG16,0.5346,0.6667,0.5809
8.0,1.0,1.0,0.5,DLG17,0.6719,0.6667,0.76
8.0,1.0,1.0,0.5,DLG18,0.5255,0.6667,0.5249
8.0,1.25,1.0,0.5,DLG1,0.52,0.6667,0.6333
8.0,1.25,1.0,0.5,DLG2,0.2245,0.6667,0.4177
8.0,1.25,1.0,0.5,DLG3,0.4132,0.6667,0.4561
8.0,1.25,1.0,0.5,DLG4,0.6389,0.75,0.5913
8.0,1.25,1.0,0.5,DLG5,0.3531,0.6667,0.4883
8.0,1.25,1.0,0.5,DLG6,0.5505,0.6667,0.5714
8.0,1.25,1.0,0.5,DLG7,0.4012,0.6667,0.5061
8.0,1.25,1.0,0.5,DLG8,0.3061,0.6667,0.4292
8.0,1.25,1.0,0.5,DLG9,0.3958,0.6667,0.5206
8.0,1.25,1.0,0.5,DLG10,0.5222,0.6135,0.5344
8.0,1.25,1.0,0.5,DLG11,0.3681,0.6667,0.4901
8.0,1.25,1.0,0.5,DLG12,0.5607,0.6667,0.5389
8.0,1.25,1.0,0.5,DLG13,0.4173,0.6667,0.5017
8.0,1.25,1.0,0.5,DLG14,0.4,0.5714,0.4867
8.0,1.25,1.0,0.5,DLG15,0.5547,0.5455,0.651
8.0,1.25,1.0,0.5,DLG16,0.539,0.6667,0.5872
8.0,1.25,1.0,0.5,DLG17,0.6797,0.6667,0.7555
8.0,1.25,1.0,0.5,DLG18,0.5278,0.6667,0.5291
8.0,1.5,1.0,0.5,DLG1,0.52,0.6667,0.6333
8.0,1.5,1.0,0.5,DLG2,0.2245,0.6667,0.4177
8.0,1.5,1.0,0.5,DLG3,0.4215,0.6667,0.5015
8.0,1.5,1.0,0.5,DLG4,0.6667,0.75,0.6052
8.0,1.5,1.0,0.5,DLG5,0.3527,0.6667,0.4864
8.0,1.5,1.0,0.5,DLG6,0.5499,0.6667,0.572
8.0,1.5,1.0,0.5,DLG7,0.3889,0.6667,0.4949
8.0,1.5,1.0,0.5,DLG8,0.3061,0.5556,0.4292
8.0,1.5,1.0,0.5,DLG9,0.3889,0.6667,0.5184
8.0,1.5,1.0,0.5,DLG10,0.5173,0.6142,0.5321
8.0,1.5,1.0,0.5,DLG11,0.3663,0.6667,0.4888
8.0,1.5,1.0,0.5,DLG12,0.5604,0.6667,0.5419
8.0,1.5,1.0,0.5,DLG13,0.4237,0.6667,0.5112
8.0,1.5,1.0,0.5,DLG14,0.4,0.5714,0.4867
8.0,1.5,1.0,0.5,DLG15,0.5391,0.5455,0.6391
8.0,1.5,1.0,0.5,DLG16,0.5423,0.6667,0.5918
8.0,1.5,1.0,0.5,DLG17,0.6719,0.2222,0.7555
8.0,1.5,1.0,0.5,DLG18,0.5287,0.6667,0.5319
8.0,2.0,1.0,0.5,DLG1,0.52,0.6667,0.6333
8.0,2.0,1.0,0.5,DLG2,0.2653,0.6667,0.4381
8.0,2.0,1.0,0.5,DLG3,0.4215,0.6667,0.5078
8.0,2.0,1.0,0.5,DLG4,0.6667,0.75,0.6052
8.0,2.0,1.0,0.5,DLG5,0.3518,0.6667,0.4879
8.0,2.0,1.0,0.5,DLG6,0.5484,0.6667,0.5738
8.0,2.0,1.0,0.5,DLG7,0.3889,0.6667,0.4949
8.0,2.0,1.0,0.5,DLG8,0.3061,0.4706,0.4292
8.0,2.0,1.0,0.5,DLG9,0.4028,0.6667,0.5234
8.0,2.0,1.0,0.5,DLG10,0.5144,0.6047,0.5321
8.0,2.0,1.0,0.5,DLG11,0.3776,0.6667,0.4976
8.0,2.0,1.0,0.5,DLG12,0.5566,0.6667,0.5449
8.0,2.0,1.0,0.5,DLG13,0.4258,0.6667,0.5156
8.0,2.0,1.0,0.5,DLG14,0.4,0.5714,0.4867
8.0,2.0,1.0,0.5,DLG15,0.5391,0.5455,0.6391
8.0,2.0,1.0,0.5,DLG16,0.5476,0.6667,0.6005
8.0,2.0,1.0,0.5,DLG17,0.625,0.2222,0.6973
8.0,2.0,1.0,0.5,DLG18,0.5313,0.6667,0.5375
1.0,1.0,1.0,0.5,DLG1,0.56,0.6667,0.6533
1.0,1.0,1.0,0.5,DLG2,0.1939,0.6667,0.4266
1.0,1.0,1.0,0.5,DLG3,0.4793,0.6667,0.5378
1.0,1.0,1.0,0.5,DLG4,0.5694,0.7059,0.5617
1.0,1.0,1.0,0.5,DLG5,0.4392,0.6667,0.5533
1.0,1.0,1.0,0.5,DLG6,0.6143,0.6667,0.648
1.0,1.0,1.0,0.5,DLG7,0.5185,0.6667,0.614
1.0,1.0,1.0,0.5,DLG8,0.2551,0.6667,0.4018
1.0,1.0,1.0,0.5,DLG9,0.3819,0.6667,0.4655
1.0,1.0,1.0,0.5,DLG10,0.5894,0.5759,0.5686
1.0,1.0,1.0,0.5,DLG11,0.3377,0.6667,0.4638
1.0,1.0,1.0,0.5,DLG12,0.6379,0.6667,0.6181
1.0,1.0,1.0,0.5,DLG13,0.4237,0.6667,0.5074
1.0,1.0,1.0,0.5,DLG14,0.48,0.5714,0.62
1.0,1.0,1.0,0.5,DLG15,0.5547,0.5714,0.6022
1.0,1.0,1.0,0.5,DLG16,0.5981,0.6667,0.6362
1.0,1.0,1.0,0.5,DLG17,0.5859,0.2222,0.6273
1.0,1.0,1.0,0.5,DLG18,0.6093,0.6667,0.6375
