graph,algorithm,n_candidates,n_infected,reliable,n_runs,auc_roc,auc_pr,precision_at_k,recall_at_k,hits_at_k
DLG1,degree_anomaly,15,5,True,3,0.6900000000000001,0.5771825396825396,0.6,0.6,0.6
DLG1,boundary,15,5,True,3,0.8400000000000001,0.7538461538461538,0.6666666666666666,0.6666666666666666,0.6666666666666666
DLG1,low_job_connectivity,15,5,True,3,0.7962962962962963,0.7818181818181817,0.6666666666666666,0.6666666666666666,0.6666666666666666
DLG1,RandomForest,15,5,True,3,0.7314814814814814,0.8090909090909091,0.6,0.6,0.6
DLG1,RUSBoost,15,5,True,3,0.8,0.7333333333333333,0.6666666666666666,0.6666666666666666,0.6666666666666666
DLG1,LightGBM,15,5,True,3,0.6851851851851852,0.7912087912087913,0.6,0.6,0.6
DLG2,degree_anomaly,21,6,False,3,0.4711538461538462,0.3202380952380952,0.14285714285714285,0.14285714285714285,0.14285714285714285
DLG2,boundary,21,6,False,3,0.7115384615384616,0.625,0.5714285714285714,0.5714285714285714,0.5714285714285714
DLG2,low_job_connectivity,21,6,False,3,0.5306122448979591,0.5947368421052631,0.5714285714285714,0.5714285714285714,0.5714285714285714
DLG2,RandomForest,21,6,False,3,0.8265306122448979,0.7777777777777777,0.5714285714285714,0.5714285714285714,0.5714285714285714
DLG2,RUSBoost,21,6,False,3,0.6875,0.6130952380952381,0.42857142857142855,0.42857142857142855,0.42857142857142855
DLG2,LightGBM,21,6,False,3,0.8333333333333334,0.75,0.5714285714285714,0.5714285714285714,0.5714285714285714
DLG3,degree_anomaly,26,8,True,3,0.5,0.3540016233766234,0.375,0.375,0.375
DLG3,boundary,26,8,True,3,0.6041666666666667,0.49256781865477517,0.4444444444444444,0.4444444444444444,0.4444444444444444
DLG3,low_job_connectivity,26,8,True,3,0.5798611111111112,0.501759336677815,0.5,0.5,0.5
DLG3,RandomForest,26,8,True,3,0.7152777777777778,0.6952797202797203,0.625,0.625,0.625
DLG3,RUSBoost,26,8,True,3,0.625,0.4807692307692308,0.4444444444444444,0.4444444444444444,0.4444444444444444
DLG3,LightGBM,26,8,True,3,0.8006535947712419,0.8045634920634921,0.625,0.625,0.625
DLG4,degree_anomaly,22,6,False,3,0.5982142857142857,0.4054357192515088,0.4444444444444444,0.4444444444444444,0.4444444444444444
DLG4,boundary,22,6,False,3,0.8596491228070174,0.8392045454545455,0.7777777777777778,0.7777777777777778,0.7777777777777778
DLG4,low_job_connectivity,22,6,False,3,0.7777777777777778,0.843671679197995,0.7777777777777778,0.7777777777777778,0.7777777777777778
DLG4,RandomForest,22,6,False,3,0.9285714285714287,0.9186507936507937,0.75,0.75,0.75
DLG4,RUSBoost,22,6,False,3,0.8859649122807017,0.8537878787878788,0.75,0.75,0.75
DLG4,LightGBM,22,6,False,3,0.912280701754386,0.8512426900584795,0.75,0.75,0.75
DLG5,degree_anomaly,67,20,True,3,0.4573170731707317,0.3537409591149711,0.35294117647058826,0.35294117647058826,0.35294117647058826
DLG5,boundary,67,20,True,3,0.5976470588235294,0.506553917717912,0.47058823529411764,0.47058823529411764,0.47058823529411764
DLG5,low_job_connectivity,67,20,True,3,0.5017647058823529,0.4956866977014119,0.4117647058823529,0.4117647058823529,0.4117647058823529
DLG5,RandomForest,67,20,True,3,0.851764705882353,0.7048050514765005,0.5882352941176471,0.5882352941176471,0.5882352941176471
DLG5,RUSBoost,67,20,True,3,0.6764705882352942,0.5171202809482002,0.5294117647058824,0.5294117647058824,0.5294117647058824
DLG5,LightGBM,67,20,True,3,0.8170731707317075,0.7294414297710013,0.5882352941176471,0.5882352941176471,0.5882352941176471
DLG6,degree_anomaly,585,202,True,3,0.4553097700841417,0.3038693619627787,0.30319148936170215,0.30319148936170215,0.30319148936170215
DLG6,boundary,585,202,True,3,0.6454450275314737,0.556198570488507,0.42574257425742573,0.42574257425742573,0.42574257425742573
DLG6,low_job_connectivity,585,202,True,3,0.5570534860274539,0.5382834261578786,0.41089108910891087,0.41089108910891087,0.41089108910891087
DLG6,RandomForest,585,202,True,3,0.7902502391231291,0.7536468621554885,0.6276595744680851,0.6276595744680851,0.6276595744680851
DLG6,RUSBoost,585,202,True,3,0.655940594059406,0.5494880257256495,0.4603960396039604,0.4603960396039604,0.4603960396039604
DLG6,LightGBM,585,202,True,3,0.7844143422175116,0.7628258067938409,0.6534653465346535,0.6534653465346535,0.6534653465346535
DLG7,degree_anomaly,30,5,True,3,0.592,0.47857142857142854,0.6,0.6,0.6
DLG7,boundary,30,5,True,3,0.648,0.49733333333333335,0.4,0.4,0.4
DLG7,low_job_connectivity,30,5,True,3,0.636,0.49733333333333335,0.4,0.4,0.4
DLG7,RandomForest,30,5,True,3,0.768,0.5566666666666666,0.6,0.6,0.6
DLG7,RUSBoost,30,5,True,3,0.7,0.5,0.4,0.4,0.4
DLG7,LightGBM,30,5,True,3,0.696,0.5497243107769423,0.4,0.4,0.4
DLG8,degree_anomaly,19,6,False,3,0.4345238095238094,0.34471568531718905,0.2857142857142857,0.2857142857142857,0.2857142857142857
DLG8,boundary,19,6,False,3,0.6607142857142857,0.7213345864661653,0.5714285714285714,0.5714285714285714,0.5714285714285714
DLG8,low_job_connectivity,19,6,False,3,0.6607142857142857,0.7226996061582527,0.5714285714285714,0.5714285714285714,0.5714285714285714
DLG8,RandomForest,19,6,False,3,0.9375,0.8390433096315449,0.7142857142857143,0.7142857142857143,0.7142857142857143
DLG8,RUSBoost,19,6,False,3,0.7857142857142857,0.7293233082706767,0.625,0.625,0.625
DLG8,LightGBM,19,6,False,3,0.9375,0.869130869130869,0.7142857142857143,0.7142857142857143,0.7142857142857143
DLG9,degree_anomaly,28,9,True,3,0.38055555555555554,0.3063711243762395,0.1,0.1,0.1
DLG9,boundary,28,9,True,3,0.5388888888888889,0.5288819875776398,0.4,0.4,0.4
DLG9,low_job_connectivity,28,9,True,3,0.6000000000000001,0.5523541760383865,0.3,0.3,0.3
DLG9,RandomForest,28,9,True,3,0.7277777777777779,0.6801477507999247,0.6,0.6,0.6
DLG9,RUSBoost,28,9,True,3,0.6777777777777778,0.5704968944099379,0.5,0.5,0.5
DLG9,LightGBM,28,9,True,3,0.7111111111111111,0.6597295321637426,0.6,0.6,0.6
DLG10,degree_anomaly,215,71,True,3,0.4243881118881118,0.2890767613937869,0.3055555555555556,0.3055555555555556,0.3055555555555556
DLG10,boundary,215,71,True,3,0.5692987567987569,0.46569835801101944,0.4305555555555556,0.4305555555555556,0.4305555555555556
DLG10,low_job_connectivity,215,71,True,3,0.5253010878010878,0.46131274687057877,0.4027777777777778,0.4027777777777778,0.4027777777777778
DLG10,RandomForest,215,71,True,3,0.8617320974191203,0.8200945037655181,0.7380952380952381,0.7380952380952381,0.7380952380952381
DLG10,RUSBoost,215,71,True,3,0.6041666666666666,0.4734496124031008,0.4583333333333333,0.4583333333333333,0.4583333333333333
DLG10,LightGBM,215,71,True,3,0.8265176299527445,0.8115642940634018,0.7261904761904762,0.7261904761904762,0.7261904761904762
DLG11,degree_anomaly,73,20,True,3,0.5172413793103448,0.3227100094274565,0.2916666666666667,0.2916666666666667,0.2916666666666667
DLG11,boundary,73,20,True,3,0.8031462585034014,0.7498097412480974,0.7083333333333334,0.7083333333333334,0.7083333333333334
DLG11,low_job_connectivity,73,20,True,3,0.7653061224489797,0.7469508634442372,0.7083333333333334,0.7083333333333334,0.7083333333333334
DLG11,RandomForest,73,20,True,3,0.9330434782608696,0.907240737291493,0.8260869565217391,0.8260869565217391,0.8260869565217391
DLG11,RUSBoost,73,20,True,3,0.8125,0.7482876712328768,0.75,0.75,0.75
DLG11,LightGBM,73,20,True,3,0.9391304347826087,0.9290686274509804,0.8260869565217391,0.8260869565217391,0.8260869565217391
DLG12,degree_anomaly,202,61,True,3,0.37928504735227425,0.24946244717082441,0.24489795918367346,0.24489795918367346,0.24489795918367346
DLG12,boundary,202,61,True,3,0.630718954248366,0.501937408626817,0.42857142857142855,0.42857142857142855,0.42857142857142855
DLG12,low_job_connectivity,202,61,True,3,0.6201814058956916,0.5200059060712693,0.47058823529411764,0.47058823529411764,0.47058823529411764
DLG12,RandomForest,202,61,True,3,0.8735494197679072,0.7684008223835312,0.6666666666666666,0.6666666666666666,0.6666666666666666
DLG12,RUSBoost,202,61,True,3,0.6655995731625983,0.5100705559277732,0.46938775510204084,0.46938775510204084,0.46938775510204084
DLG12,LightGBM,202,61,True,3,0.8722155528878218,0.7825153368819405,0.673469387755102,0.673469387755102,0.673469387755102
DLG13,degree_anomaly,105,36,True,3,0.5300079491255962,0.424955678570563,0.40540540540540543,0.40540540540540543,0.40540540540540543
DLG13,boundary,105,36,True,3,0.6835748792270531,0.6136054421768707,0.5,0.5,0.5
DLG13,low_job_connectivity,105,36,True,3,0.5404589371980676,0.5923304996013253,0.43243243243243246,0.43243243243243246,0.43243243243243246
DLG13,RandomForest,105,36,True,3,0.8520531400966184,0.8223117002744951,0.7142857142857143,0.7142857142857143,0.7142857142857143
DLG13,RUSBoost,105,36,True,3,0.6941573926868045,0.5641536273115221,0.5135135135135135,0.5135135135135135,0.5135135135135135
DLG13,LightGBM,105,36,True,3,0.857487922705314,0.8333051724166314,0.6571428571428571,0.6571428571428571,0.6571428571428571
DLG14,degree_anomaly,22,8,True,3,0.7294117647058824,0.6130735930735931,0.6,0.6,0.6
DLG14,boundary,22,8,True,3,0.8,0.8454545454545455,0.8,0.8,0.8
DLG14,low_job_connectivity,22,8,True,3,0.8,0.8454545454545455,0.8,0.8,0.8
DLG14,RandomForest,22,8,True,3,0.9764705882352941,0.9428571428571428,0.8,0.8,0.8
DLG14,RUSBoost,22,8,True,3,0.9,0.8454545454545455,0.8,0.8,0.8
DLG14,LightGBM,22,8,True,3,0.9647058823529411,0.925,0.8,0.8,0.8
DLG15,degree_anomaly,25,4,False,3,0.5307017543859649,0.23648018648018648,0.0,0.0,0.0
DLG15,boundary,25,4,False,3,0.5178571428571429,0.3552173913043478,0.25,0.25,0.25
DLG15,low_job_connectivity,25,4,False,3,0.43452380952380953,0.34902777777777777,0.25,0.25,0.25
DLG15,RandomForest,25,4,False,3,0.6842105263157895,0.49114923747276684,0.3333333333333333,0.3333333333333333,0.3333333333333333
DLG15,RUSBoost,25,4,False,3,0.625,0.37,0.25,0.25,0.25
DLG15,LightGBM,25,4,False,3,0.912280701754386,0.8061868686868686,0.6666666666666666,0.6666666666666666,0.6666666666666666
DLG16,degree_anomaly,259,100,True,3,0.4987678807548984,0.4375558834714775,0.42105263157894735,0.42105263157894735,0.42105263157894735
DLG16,boundary,259,100,True,3,0.659003485995913,0.5403447540544315,0.5681818181818182,0.5681818181818182,0.5681818181818182
DLG16,low_job_connectivity,259,100,True,3,0.4988370547581074,0.48956818512000877,0.42045454545454547,0.42045454545454547,0.42045454545454547
DLG16,RandomForest,259,100,True,3,0.8963981924508241,0.8411717958260727,0.7368421052631579,0.7368421052631579,0.7368421052631579
DLG16,RUSBoost,259,100,True,3,0.6210526315789474,0.5200975411501727,0.5,0.5,0.5
DLG16,LightGBM,259,100,True,3,0.8750332270069112,0.8237604944850387,0.7473684210526316,0.7473684210526316,0.7473684210526316
DLG17,degree_anomaly,25,7,True,3,0.30158730158730157,0.29406216042729205,0.14285714285714285,0.14285714285714285,0.14285714285714285
DLG17,boundary,25,7,True,3,0.5175438596491229,0.47393939393939394,0.3333333333333333,0.3333333333333333,0.3333333333333333
DLG17,low_job_connectivity,25,7,True,3,0.5087719298245614,0.46866161616161617,0.3333333333333333,0.3333333333333333,0.3333333333333333
DLG17,RandomForest,25,7,True,3,0.8421052631578948,0.8019047619047618,0.6666666666666666,0.6666666666666666,0.6666666666666666
DLG17,RUSBoost,25,7,True,3,0.6666666666666666,0.4933333333333333,0.3333333333333333,0.3333333333333333,0.3333333333333333
DLG17,LightGBM,25,7,True,3,0.7105263157894737,0.7242424242424242,0.625,0.625,0.625
DLG18,degree_anomaly,643,234,True,3,0.472294440921581,0.3626812804094106,0.35964912280701755,0.35964912280701755,0.35964912280701755
DLG18,boundary,643,234,True,3,0.608397807865893,0.5116205495594871,0.4094488188976378,0.4094488188976378,0.4094488188976378
DLG18,low_job_connectivity,643,234,True,3,0.5410219826675122,0.4942520005578981,0.4517543859649123,0.4517543859649123,0.4517543859649123
DLG18,RandomForest,643,234,True,3,0.8076410906785035,0.7661889370242028,0.65748031496063,0.65748031496063,0.65748031496063
DLG18,RUSBoost,643,234,True,3,0.6090909090909091,0.48567793015693483,0.4090909090909091,0.4090909090909091,0.4090909090909091
DLG18,LightGBM,643,234,True,3,0.7597548087085182,0.7409295837766398,0.6614173228346457,0.6614173228346457,0.6614173228346457
